{"stats":{"minecraft:dropped":{"minecraft:stripped_oak_log":1,"minecraft:stone_slab":19,"minecraft:quartz_slab":1},"minecraft:used":{"minecraft:black_concrete":397,"minecraft:light_gray_concrete":166,"minecraft:iron_block":368,"minecraft:stone_button":1,"minecraft:stone_stairs":11,"minecraft:white_concrete":1307,"minecraft:stone_slab":1,"minecraft:stone_pressure_plate":2,"minecraft:stripped_oak_log":159,"minecraft:stone":146},"minecraft:custom":{"minecraft:time_since_rest":127358,"minecraft:sprint_one_cm":585,"minecraft:play_time":127358,"minecraft:damage_taken":10,"minecraft:walk_one_cm":3479,"minecraft:sneak_time":11,"minecraft:drop":21,"minecraft:jump":29,"minecraft:leave_game":4,"minecraft:time_since_death":127358,"minecraft:total_world_time":127358,"minecraft:fly_one_cm":1035592},"minecraft:picked_up":{"minecraft:quartz_slab":1}},"DataVersion":3955}