{"stats":{"minecraft:used":{"minecraft:shroomlight":2,"minecraft:polished_blackstone_pressure_plate":3,"minecraft:nether_brick_wall":2,"minecraft:firework_rocket":257,"minecraft:potion":5,"minecraft:light_gray_concrete":2,"minecraft:red_concrete":31,"minecraft:elytra":1,"minecraft:black_carpet":1,"minecraft:oak_sign":2,"minecraft:polished_blackstone_brick_wall":1,"minecraft:stone":3,"minecraft:stripped_oak_log":15,"minecraft:white_concrete":720,"minecraft:stripped_spruce_log":33,"minecraft:milk_bucket":4},"minecraft:picked_up":{"minecraft:black_carpet":1,"minecraft:light_gray_concrete":2,"minecraft:green_concrete":4,"minecraft:red_concrete":5},"minecraft:killed_by":{"minecraft:player":2},"minecraft:custom":{"minecraft:time_since_rest":56135,"minecraft:deaths":3,"minecraft:crouch_one_cm":13133,"minecraft:sprint_one_cm":524408,"minecraft:play_time":272910,"minecraft:damage_taken":6020,"minecraft:walk_one_cm":260987,"minecraft:sneak_time":8610,"minecraft:aviate_one_cm":1747800,"minecraft:jump":1629,"minecraft:damage_dealt":1341,"minecraft:leave_game":3,"minecraft:walk_on_water_one_cm":357,"minecraft:time_since_death":56114,"minecraft:climb_one_cm":3514,"minecraft:total_world_time":272910,"minecraft:fly_one_cm":2772407,"minecraft:fall_one_cm":181700,"minecraft:player_kills":5}},"DataVersion":3955}