{"stats":{"minecraft:custom":{"minecraft:time_since_rest":15259,"minecraft:damage_taken":8968,"minecraft:play_time":380104,"minecraft:crouch_one_cm":382,"minecraft:walk_one_cm":324295,"minecraft:sprint_one_cm":203965,"minecraft:sneak_time":390,"minecraft:deaths":5,"minecraft:drop":23,"minecraft:jump":431,"minecraft:damage_dealt":200,"minecraft:leave_game":35,"minecraft:time_since_death":15169,"minecraft:total_world_time":380104,"minecraft:climb_one_cm":575,"minecraft:fall_one_cm":12447,"minecraft:fly_one_cm":921989,"minecraft:player_kills":1},"minecraft:dropped":{"minecraft:oak_planks":64,"minecraft:birch_fence":256,"minecraft:mossy_stone_brick_stairs":384,"minecraft:stone_brick_stairs":256,"minecraft:glass_pane":64,"minecraft:birch_fence_gate":64,"minecraft:bamboo_fence_gate":320,"minecraft:mangrove_stairs":64},"minecraft:used":{"minecraft:glass":2,"minecraft:yellow_dye":1,"minecraft:wither_skeleton_skull":2,"minecraft:command_block":2,"minecraft:oak_planks":93,"minecraft:stone_button":1,"minecraft:barrier":2,"minecraft:oak_sign":22,"minecraft:white_concrete":3},"minecraft:killed_by":{"minecraft:player":3},"minecraft:picked_up":{"minecraft:light_gray_concrete":1,"minecraft:birch_fence":256,"minecraft:mangrove_stairs":64,"minecraft:oak_sign":1,"minecraft:green_concrete":3,"minecraft:light_blue_terracotta":1,"minecraft:birch_fence_gate":64,"minecraft:stone_brick_stairs":192,"minecraft:bamboo_fence_gate":320,"minecraft:red_concrete":2,"minecraft:mossy_stone_brick_stairs":384}},"DataVersion":3955}