{"stats":{"minecraft:used":{"minecraft:oak_trapdoor":17,"minecraft:glass":16,"minecraft:nether_brick_fence":5,"minecraft:black_wool":20,"minecraft:black_concrete":23,"minecraft:spruce_door":25,"minecraft:cherry_door":1,"minecraft:mangrove_door":1,"minecraft:black_stained_glass_pane":27,"minecraft:flint_and_steel":3,"minecraft:light_gray_concrete":57,"minecraft:red_wool":4,"minecraft:smooth_quartz_slab":46,"minecraft:oxidized_copper_trapdoor":1,"minecraft:red_concrete":115,"minecraft:ladder":16,"minecraft:smooth_sandstone":72,"minecraft:light_blue_terracotta":4,"minecraft:smooth_sandstone_slab":9,"minecraft:white_terracotta":2,"minecraft:stone":1,"minecraft:diorite_wall":2,"minecraft:smooth_sandstone_stairs":15,"minecraft:item_frame":1,"minecraft:anvil":1,"minecraft:smooth_quartz_stairs":1,"minecraft:spruce_leaves":20,"minecraft:lime_terracotta":45,"minecraft:pink_concrete":91,"minecraft:birch_trapdoor":9,"minecraft:polished_blackstone_pressure_plate":18,"minecraft:dark_oak_trapdoor":16,"minecraft:glowstone":6,"minecraft:lime_concrete":4,"minecraft:bow":4,"minecraft:potion":7,"minecraft:black_stained_glass":35,"minecraft:iron_trapdoor":5,"minecraft:deepslate_tile_stairs":3,"minecraft:white_stained_glass_pane":70,"minecraft:birch_sign":1,"minecraft:pearlescent_froglight":1,"minecraft:yellow_concrete":1,"minecraft:campfire":8,"minecraft:polished_blackstone_button":14,"minecraft:stripped_oak_log":190,"minecraft:stone_pressure_plate":6,"minecraft:pink_concrete_powder":8,"minecraft:white_concrete":93,"minecraft:weathered_copper_door":2,"minecraft:light_blue_stained_glass":8,"minecraft:candle":3,"minecraft:splash_potion":104,"minecraft:stripped_spruce_log":36},"minecraft:picked_up":{"minecraft:ladder":2,"minecraft:green_concrete":4,"minecraft:apple":1,"minecraft:polished_blackstone_pressure_plate":1,"minecraft:polished_blackstone_button":4,"minecraft:white_terracotta":1,"minecraft:red_concrete":7},"minecraft:killed_by":{"minecraft:player":4},"minecraft:custom":{"minecraft:time_since_rest":2378,"minecraft:sprint_one_cm":466117,"minecraft:damage_taken":6961,"minecraft:walk_one_cm":191960,"minecraft:interact_with_anvil":1,"minecraft:drop":3,"minecraft:damage_dealt":1682,"minecraft:fly_one_cm":2540384,"minecraft:player_kills":3,"minecraft:deaths":5,"minecraft:crouch_one_cm":35803,"minecraft:play_time":211385,"minecraft:sneak_time":15310,"minecraft:jump":1655,"minecraft:climb_one_cm":16905,"minecraft:leave_game":2,"minecraft:time_since_death":2348,"minecraft:total_world_time":211385,"minecraft:fall_one_cm":140848},"minecraft:dropped":{"minecraft:pink_concrete":1,"minecraft:polished_blackstone_pressure_plate":1,"minecraft:apple":1}},"DataVersion":3955}