{"stats":{"minecraft:used":{"minecraft:polished_blackstone_slab":18,"minecraft:black_wool":333,"minecraft:spruce_door":9,"minecraft:light_gray_concrete":484,"minecraft:red_wool":45,"minecraft:lime_carpet":2,"minecraft:black_stained_glass_pane":4,"minecraft:ladder":8,"minecraft:brown_wool":8,"minecraft:lime_wool":12,"minecraft:verdant_froglight":45,"minecraft:black_carpet":4,"minecraft:white_glazed_terracotta":52,"minecraft:dark_oak_slab":3,"minecraft:spruce_trapdoor":6,"minecraft:smooth_quartz":15,"minecraft:stripped_birch_wood":3,"minecraft:yellow_wool":5,"minecraft:pink_concrete":27,"minecraft:white_wool":20,"minecraft:spruce_leaves":107,"minecraft:birch_button":2,"minecraft:birch_trapdoor":2,"minecraft:polished_blackstone_pressure_plate":3,"minecraft:lime_terracotta":2,"minecraft:lime_concrete":44,"minecraft:black_stained_glass":38,"minecraft:oak_slab":2,"minecraft:magenta_terracotta":3,"minecraft:dark_oak_pressure_plate":8,"minecraft:white_stained_glass_pane":15,"minecraft:white_stained_glass":5,"minecraft:crimson_hyphae":82,"minecraft:yellow_concrete":13,"minecraft:blue_ice":1,"minecraft:acacia_leaves":25,"minecraft:white_concrete":38,"minecraft:ochre_froglight":51,"minecraft:stripped_oak_log":40,"minecraft:pink_carpet":1,"minecraft:pearlescent_froglight":43,"minecraft:blue_concrete":38,"minecraft:light_blue_stained_glass":27,"minecraft:stripped_spruce_wood":2,"minecraft:green_stained_glass":4},"minecraft:picked_up":{"minecraft:green_concrete":5,"minecraft:white_concrete":1,"minecraft:red_concrete":4},"minecraft:killed_by":{"minecraft:player":4},"minecraft:custom":{"minecraft:time_since_rest":14926,"minecraft:sprint_one_cm":597548,"minecraft:damage_taken":6517,"minecraft:walk_one_cm":293837,"minecraft:damage_dealt":1144,"minecraft:fly_one_cm":1758142,"minecraft:player_kills":3,"minecraft:crouch_one_cm":19514,"minecraft:play_time":220522,"minecraft:deaths":8,"minecraft:sneak_time":12275,"minecraft:jump":1270,"minecraft:leave_game":5,"minecraft:time_since_death":14894,"minecraft:total_world_time":220522,"minecraft:climb_one_cm":5897,"minecraft:fall_one_cm":462233}},"DataVersion":3955}