{"stats":{"minecraft:used":{"minecraft:moss_block":1,"minecraft:moss_carpet":27,"minecraft:smooth_quartz_slab":16,"minecraft:spruce_slab":317,"minecraft:dispenser":4,"minecraft:ladder":8,"minecraft:oak_sign":128,"minecraft:black_carpet":4,"minecraft:chest":25,"minecraft:white_terracotta":1639,"minecraft:brown_concrete":44,"minecraft:stone":1918,"minecraft:zombie_spawn_egg":24,"minecraft:quartz_stairs":56,"minecraft:green_terracotta":11,"minecraft:debug_stick":1864,"minecraft:spruce_leaves":903,"minecraft:deepslate_tile_slab":4,"minecraft:deepslate_brick_slab":32,"minecraft:tuff":87,"minecraft:stripped_spruce_log":7490,"minecraft:glass":269,"minecraft:packed_ice":8,"minecraft:honeycomb":38,"minecraft:cyan_terracotta":1,"minecraft:lava_bucket":31,"minecraft:stripped_dark_oak_wood":2,"minecraft:villager_spawn_egg":5,"minecraft:quartz_pillar":4,"minecraft:mangrove_stairs":28,"minecraft:red_wool":85,"minecraft:spruce_wood":1,"minecraft:grass_block":32,"minecraft:packed_mud":6,"minecraft:polished_andesite_stairs":5,"minecraft:green_wool":1,"minecraft:quartz_block":28,"minecraft:copper_ore":2,"minecraft:diorite_wall":3860,"minecraft:pink_wool":7,"minecraft:item_frame":4,"minecraft:repeater":136,"minecraft:birch_button":6,"minecraft:birch_trapdoor":5,"minecraft:vault":2,"minecraft:red_carpet":2,"minecraft:bow":204,"minecraft:snow":30,"minecraft:polished_diorite_stairs":40,"minecraft:gold_block":37,"minecraft:pearlescent_froglight":14,"minecraft:dark_prismarine_stairs":18,"minecraft:polished_blackstone_stairs":12,"minecraft:stripped_spruce_wood":871,"minecraft:emerald_ore":3,"minecraft:dark_oak_stairs":6,"minecraft:diorite":736,"minecraft:spruce_door":2,"minecraft:dropper":2,"minecraft:birch_leaves":62,"minecraft:blackstone_stairs":11,"minecraft:oak_planks":240,"minecraft:cactus":2,"minecraft:blackstone":49,"minecraft:ender_pearl":7,"minecraft:redstone_block":24,"minecraft:smooth_quartz_stairs":11,"minecraft:white_wool":79,"minecraft:stripped_mangrove_wood":6,"minecraft:sand":3,"minecraft:black_banner":2,"minecraft:light_gray_terracotta":1,"minecraft:yellow_concrete":248,"minecraft:blue_ice":27,"minecraft:blackstone_wall":28,"minecraft:note_block":43,"minecraft:gray_concrete":86,"minecraft:redstone_torch":36,"minecraft:sticky_piston":35,"minecraft:lever":14,"minecraft:green_concrete":55,"minecraft:black_concrete":934,"minecraft:dark_oak_log":6,"minecraft:light_gray_concrete":5054,"minecraft:barrier":787,"minecraft:stone_button":41,"minecraft:diamond_ore":1,"minecraft:blackstone_slab":98,"minecraft:coal_block":174,"minecraft:smooth_red_sandstone_slab":54,"minecraft:stripped_oak_wood":1401,"minecraft:white_stained_glass":40,"minecraft:andesite":51,"minecraft:chain":4,"minecraft:ice":5,"minecraft:waxed_cut_copper_stairs":18,"minecraft:white_concrete":3043,"minecraft:warped_button":26,"minecraft:oak_hanging_sign":42,"minecraft:diorite_slab":795,"minecraft:cobweb":91,"minecraft:diorite_stairs":144,"minecraft:oak_fence":4,"minecraft:netherite_sword":32,"minecraft:orange_concrete_powder":5,"minecraft:iron_bars":96,"minecraft:flint_and_steel":30,"minecraft:armor_stand":89,"minecraft:red_concrete":294,"minecraft:redstone":291,"minecraft:light_gray_carpet":5,"minecraft:light_blue_terracotta":2693,"minecraft:trial_key":2,"minecraft:netherrack":68,"minecraft:cut_copper_stairs":10,"minecraft:light_gray_shulker_box":9,"minecraft:torch":5,"minecraft:dirt":17,"minecraft:anvil":6,"minecraft:white_carpet":47,"minecraft:hopper":39,"minecraft:spruce_stairs":35,"minecraft:stone_stairs":62,"minecraft:blue_concrete":13,"minecraft:mud_brick_stairs":1,"minecraft:polished_diorite":24,"minecraft:shroomlight":7,"minecraft:red_shulker_box":4,"minecraft:dark_oak_planks":3,"minecraft:sea_lantern":19,"minecraft:iron_block":351,"minecraft:oak_stairs":74,"minecraft:smooth_quartz":8,"minecraft:smooth_basalt":110,"minecraft:light_gray_wool":131,"minecraft:basalt":249,"minecraft:purple_concrete":4,"minecraft:iron_trapdoor":3,"minecraft:deepslate_tile_stairs":13,"minecraft:powder_snow_bucket":12,"minecraft:orange_terracotta":8770,"minecraft:pointed_dripstone":14,"minecraft:water_bucket":22,"minecraft:cobblestone_stairs":8,"minecraft:snow_block":127,"minecraft:copper_block":53,"minecraft:blue_wool":12,"minecraft:andesite_slab":14,"minecraft:spruce_sign":4,"minecraft:white_dye":4,"minecraft:cobblestone_slab":13,"minecraft:glow_ink_sac":4,"minecraft:waxed_copper_block":7,"minecraft:pink_concrete":2,"minecraft:orange_carpet":7,"minecraft:stripped_dark_oak_log":4,"minecraft:comparator":12,"minecraft:oak_slab":157,"minecraft:dark_prismarine_slab":13,"minecraft:tnt":7,"minecraft:white_bed":3,"minecraft:light_gray_concrete_powder":1,"minecraft:painting":17,"minecraft:spruce_log":444,"minecraft:deepslate_tile_wall":1,"minecraft:oak_log":158,"minecraft:gray_terracotta":12,"minecraft:black_wool":133,"minecraft:command_block":183,"minecraft:oxidized_copper_trapdoor":3,"minecraft:oak_button":5,"minecraft:spruce_pressure_plate":1,"minecraft:stone_slab":37,"minecraft:spruce_trapdoor":70,"minecraft:cobbled_deepslate_slab":6,"minecraft:chain_command_block":198,"minecraft:repeating_command_block":121,"minecraft:polished_blackstone_button":10,"minecraft:waxed_oxidized_copper_bulb":5,"minecraft:stripped_oak_log":5066,"minecraft:splash_potion":78},"minecraft:killed":{"minecraft:pillager":1,"minecraft:zombie":25,"minecraft:villager":2},"minecraft:picked_up":{"minecraft:wooden_axe":5,"minecraft:black_carpet":3,"minecraft:redstone_block":1,"minecraft:stone_slab":2,"minecraft:oak_stairs":1,"minecraft:oak_hanging_sign":3,"minecraft:sticky_piston":1,"minecraft:armor_stand":1,"minecraft:smooth_red_sandstone_slab":1,"minecraft:oak_sign":13,"minecraft:redstone_torch":4,"minecraft:coal_block":9,"minecraft:smooth_quartz_stairs":3,"minecraft:tipped_arrow":3,"minecraft:torch":2,"minecraft:pointed_dripstone":9,"minecraft:diorite":2,"minecraft:warped_button":7,"minecraft:zombie_spawn_egg":4,"minecraft:rotten_flesh":37,"minecraft:honey_bottle":2,"minecraft:mangrove_stairs":1,"minecraft:blackstone_wall":2,"minecraft:cobblestone":1,"minecraft:barrier":2,"minecraft:repeater":8,"minecraft:iron_door":49,"minecraft:andesite":1,"minecraft:stripped_spruce_wood":1,"minecraft:gray_concrete":1,"minecraft:glass":1,"minecraft:honeycomb":1,"minecraft:debug_stick":1,"minecraft:waxed_oxidized_copper_bulb":1,"minecraft:sand":1,"minecraft:stripped_spruce_log":1,"minecraft:light_gray_concrete":6,"minecraft:green_concrete":7465,"minecraft:light_blue_terracotta":43,"minecraft:black_concrete":12,"minecraft:lever":2,"minecraft:polished_blackstone_button":1,"minecraft:crossbow":2,"minecraft:blue_ice":1,"minecraft:white_concrete":5,"minecraft:spruce_sign":2,"minecraft:emerald":3,"minecraft:chorus_fruit":1,"minecraft:netherrack":4,"minecraft:bricks":1,"minecraft:diamond_pickaxe":1,"minecraft:ominous_bottle":1,"minecraft:ladder":78,"minecraft:diorite_slab":3,"minecraft:acacia_button":1,"minecraft:moss_carpet":1,"minecraft:acacia_door":1,"minecraft:snow":1,"minecraft:blackstone":1,"minecraft:netherite_sword":2,"minecraft:dark_prismarine_stairs":1,"minecraft:light_gray_wool":8,"minecraft:spruce_trapdoor":1,"minecraft:stone":106,"minecraft:stone_button":12,"minecraft:carrot":1,"minecraft:redstone":27,"minecraft:blue_concrete_powder":1,"minecraft:repeating_command_block":3,"minecraft:black_banner":2,"minecraft:vault":1,"minecraft:lime_stained_glass":64,"minecraft:stripped_oak_log":1,"minecraft:basalt":2,"minecraft:blackstone_slab":1,"minecraft:ice":2,"minecraft:deepslate_tile_slab":1,"minecraft:diorite_stairs":1,"minecraft:white_banner":1,"minecraft:spruce_wood":1,"minecraft:cobweb":1,"minecraft:stripped_oak_wood":1,"minecraft:smooth_basalt":1,"minecraft:chain_command_block":8,"minecraft:bamboo_fence":1,"minecraft:yellow_concrete":2,"minecraft:red_wool":1,"minecraft:ender_dragon_spawn_egg":2432,"minecraft:spyglass":1,"minecraft:green_stained_glass":64,"minecraft:spruce_sapling":1,"minecraft:dragon_egg":1,"minecraft:sea_lantern":11,"minecraft:painting":1,"minecraft:black_wool":1,"minecraft:red_concrete":6536,"minecraft:hopper":1},"minecraft:killed_by":{"minecraft:player":4},"minecraft:custom":{"minecraft:open_shulker_box":5,"minecraft:leave_game":82,"minecraft:time_since_death":111064,"minecraft:sprint_one_cm":2363480,"minecraft:drop":1265,"minecraft:play_time":8633325,"minecraft:deaths":40,"minecraft:jump":12577,"minecraft:walk_on_water_one_cm":9494,"minecraft:damage_dealt":3569,"minecraft:player_kills":5,"minecraft:crouch_one_cm":364565,"minecraft:inspect_dispenser":25,"minecraft:inspect_dropper":5,"minecraft:mob_kills":33,"minecraft:interact_with_anvil":2,"minecraft:inspect_hopper":78,"minecraft:climb_one_cm":12155,"minecraft:walk_one_cm":3920763,"minecraft:sneak_time":250519,"minecraft:walk_under_water_one_cm":1651,"minecraft:total_world_time":8633325,"minecraft:tune_noteblock":337,"minecraft:time_since_rest":111091,"minecraft:damage_taken":10809,"minecraft:swim_one_cm":568,"minecraft:fly_one_cm":43481952,"minecraft:open_chest":23,"minecraft:fall_one_cm":192500},"minecraft:dropped":{"minecraft:repeating_command_block":14,"minecraft:piston":192,"minecraft:moss_block":2,"minecraft:stripped_mangrove_wood":1,"minecraft:chorus_fruit":2,"minecraft:emerald_ore":1,"minecraft:diamond":1,"minecraft:lantern":64,"minecraft:blue_concrete_powder":1,"minecraft:waxed_oxidized_copper_bulb":1,"minecraft:honeycomb":1,"minecraft:red_wool":2,"minecraft:red_carpet":1,"minecraft:emerald":3,"minecraft:spruce_leaves":2,"minecraft:warped_pressure_plate":1,"minecraft:red_shulker_box":1,"minecraft:dirt":1,"minecraft:gray_concrete":6,"minecraft:orange_carpet":2,"minecraft:polished_diorite_stairs":1,"minecraft:ice":1,"minecraft:stone_button":70,"minecraft:mangrove_stairs":3,"minecraft:cherry_button":1,"minecraft:chain":65,"minecraft:sand":4,"minecraft:stripped_oak_wood":5,"minecraft:black_concrete":15,"minecraft:smooth_red_sandstone_slab":1,"minecraft:dark_oak_planks":1,"minecraft:white_wool":1,"minecraft:diorite_slab":5,"minecraft:armor_stand":18,"minecraft:pink_concrete":1,"minecraft:note_block":2,"minecraft:waxed_cut_copper_stairs":1,"minecraft:blackstone":2,"minecraft:lever":7,"minecraft:black_carpet":1,"minecraft:netherite_sword":3,"minecraft:pointed_dripstone":1,"minecraft:diorite_stairs":2,"minecraft:deepslate_brick_slab":1,"minecraft:oak_planks":1,"minecraft:light_gray_carpet":1,"minecraft:stone_stairs":1,"minecraft:sea_lantern":50,"minecraft:birch_trapdoor":1,"minecraft:diorite_wall":3,"minecraft:quartz_block":1,"minecraft:hopper":3,"minecraft:spruce_wood":1,"minecraft:basalt":13,"minecraft:painting":2,"minecraft:spruce_slab":2,"minecraft:blackstone_slab":4,"minecraft:birch_button":1,"minecraft:glass":2,"minecraft:chain_command_block":39,"minecraft:written_book":16,"minecraft:netherrack":3,"minecraft:stripped_spruce_log":11,"minecraft:oak_slab":66,"minecraft:smooth_quartz_stairs":5,"minecraft:yellow_concrete":4,"minecraft:oak_hanging_sign":5,"minecraft:cobblestone":6,"minecraft:barrier":6,"minecraft:spectral_arrow":1,"minecraft:command_block":409,"minecraft:deepslate_tile_slab":2,"minecraft:spruce_stairs":64,"minecraft:polished_blackstone_button":2,"minecraft:coal_block":14,"minecraft:stick":3,"minecraft:lava_bucket":1,"minecraft:cobweb":2,"minecraft:iron_block":6,"minecraft:pearlescent_froglight":1,"minecraft:iron_trapdoor":1,"minecraft:diorite":7,"minecraft:torch":3,"minecraft:blackstone_wall":4,"minecraft:repeater":6,"minecraft:wooden_axe":8,"minecraft:smooth_quartz":2,"minecraft:white_concrete":29,"minecraft:oak_stairs":2,"minecraft:cactus":2,"minecraft:paper":1,"minecraft:spruce_sapling":1,"minecraft:redstone_block":2,"minecraft:smooth_basalt":8,"minecraft:redstone":17,"minecraft:red_concrete":8645,"minecraft:moss_carpet":1,"minecraft:zombie_spawn_egg":196,"minecraft:dark_prismarine_stairs":2,"minecraft:sticky_piston":2,"minecraft:tuff":2,"minecraft:vault":1,"minecraft:white_carpet":1,"minecraft:light_gray_wool":2,"minecraft:comparator":2,"minecraft:stripped_oak_log":6,"minecraft:green_concrete":10978,"minecraft:stone_slab":5,"minecraft:light_gray_concrete":35,"minecraft:white_terracotta":6,"minecraft:cobbled_deepslate_slab":1,"minecraft:debug_stick":1,"minecraft:diamond_ore":1,"minecraft:oak_sign":45,"minecraft:shears":1,"minecraft:flint_and_steel":1,"minecraft:copper_ore":1,"minecraft:snow":2,"minecraft:cobblestone_slab":1,"minecraft:stone":495,"minecraft:gray_terracotta":1,"minecraft:shield":2,"minecraft:oak_button":1,"minecraft:orange_terracotta":1,"minecraft:spruce_trapdoor":3,"minecraft:spruce_planks":65,"minecraft:andesite":7,"minecraft:diamond_pickaxe":1,"minecraft:pink_wool":1,"minecraft:blue_ice":2,"minecraft:warped_button":5,"minecraft:spruce_log":2,"minecraft:light_blue_terracotta":103,"minecraft:stripped_spruce_wood":3}},"DataVersion":3955}