{"stats":{"minecraft:killed_by":{"minecraft:player":2},"minecraft:used":{"minecraft:diorite_stairs":22,"minecraft:oak_fence":2,"minecraft:moss_block":14,"minecraft:purpur_block":1,"minecraft:light_blue_banner":6,"minecraft:moss_carpet":16,"minecraft:orange_concrete_powder":5,"minecraft:netherite_sword":8,"minecraft:blue_terracotta":2,"minecraft:iron_bars":21,"minecraft:orange_concrete":81,"minecraft:flint_and_steel":1,"minecraft:ender_dragon_spawn_egg":2,"minecraft:smooth_quartz_slab":284,"minecraft:redstone_ore":5,"minecraft:red_concrete":183,"minecraft:oak_sign":2,"minecraft:mycelium":76,"minecraft:redstone":14,"minecraft:bone_block":4,"minecraft:ladder":28,"minecraft:light_blue_terracotta":12,"minecraft:mangrove_button":16,"minecraft:black_carpet":4,"minecraft:spruce_planks":5,"minecraft:polished_tuff_wall":13,"minecraft:tinted_glass":5,"minecraft:stone":324,"minecraft:zombie_spawn_egg":1,"minecraft:mangrove_fence":5,"minecraft:structure_block":4,"minecraft:green_terracotta":688,"minecraft:netherrack":3,"minecraft:debug_stick":86,"minecraft:torch":16,"minecraft:dirt":1,"minecraft:spyglass":38,"minecraft:anvil":2,"minecraft:white_carpet":1,"minecraft:nether_bricks":15,"minecraft:spruce_stairs":17,"minecraft:prismarine_brick_stairs":8,"minecraft:deepslate_tile_slab":16,"minecraft:stone_stairs":31,"minecraft:deepslate_brick_slab":9,"minecraft:spruce_fence":9,"minecraft:stripped_spruce_log":35,"minecraft:light_blue_stained_glass":8,"minecraft:weeping_vines":8,"minecraft:polished_blackstone_slab":6,"minecraft:glass":44,"minecraft:dark_oak_planks":128,"minecraft:red_shulker_box":10,"minecraft:sea_lantern":29,"minecraft:cyan_terracotta":7,"minecraft:coal_ore":13,"minecraft:quartz_pillar":74,"minecraft:mangrove_stairs":25,"minecraft:red_wool":171,"minecraft:lantern":11,"minecraft:iron_block":128,"minecraft:oak_stairs":7,"minecraft:packed_mud":26,"minecraft:polished_andesite_stairs":9,"minecraft:polished_deepslate_wall":34,"minecraft:copper_ore":26,"minecraft:tuff_wall":4,"minecraft:dark_oak_slab":6,"minecraft:mossy_cobblestone_slab":24,"minecraft:cherry_button":6,"minecraft:smooth_quartz":124,"minecraft:diorite_wall":79,"minecraft:item_frame":5,"minecraft:birch_trapdoor":86,"minecraft:reinforced_deepslate":13,"minecraft:repeater":2,"minecraft:snow":34,"minecraft:magenta_terracotta":34,"minecraft:written_book":1,"minecraft:iron_trapdoor":3,"minecraft:lime_stained_glass":19,"minecraft:deepslate_tile_stairs":26,"minecraft:white_stained_glass_pane":18,"minecraft:mangrove_slab":19,"minecraft:acacia_fence":4,"minecraft:gold_block":34,"minecraft:granite_wall":6,"minecraft:acacia_planks":1,"minecraft:dark_prismarine_stairs":50,"minecraft:polished_blackstone_stairs":6,"minecraft:stripped_spruce_wood":1441,"minecraft:light_blue_carpet":3,"minecraft:emerald_ore":8,"minecraft:yellow_banner":3,"minecraft:diorite":40,"minecraft:iron_ore":8,"minecraft:cobblestone_stairs":5,"minecraft:wither_skeleton_skull":2,"minecraft:snow_block":13,"minecraft:acacia_trapdoor":23,"minecraft:blackstone_stairs":162,"minecraft:andesite_slab":86,"minecraft:cactus":2,"minecraft:redstone_block":2,"minecraft:red_glazed_terracotta":22,"minecraft:cobblestone_slab":5,"minecraft:gold_ore":6,"minecraft:smooth_quartz_stairs":127,"minecraft:stripped_mangrove_wood":161,"minecraft:lime_terracotta":2,"minecraft:polished_tuff_stairs":1,"minecraft:sand":1,"minecraft:yellow_terracotta":3,"minecraft:comparator":1,"minecraft:vine":17,"minecraft:light_blue_concrete":63,"minecraft:dark_prismarine_slab":18,"minecraft:loom":4,"minecraft:light_blue_wool":4,"minecraft:black_banner":24,"minecraft:yellow_concrete":76,"minecraft:blackstone_wall":4,"minecraft:chiseled_quartz_block":9,"minecraft:painting":37,"minecraft:black_concrete_powder":37,"minecraft:spruce_log":131,"minecraft:bamboo_button":11,"minecraft:dark_oak_door":2,"minecraft:deepslate_tile_wall":26,"minecraft:deepslate_tiles":16,"minecraft:oak_log":1,"minecraft:piston":9,"minecraft:gray_terracotta":36,"minecraft:green_concrete":1,"minecraft:lever":5,"minecraft:black_concrete":54,"minecraft:warped_trapdoor":2,"minecraft:mangrove_door":1,"minecraft:dark_oak_log":1,"minecraft:light_gray_concrete":2104,"minecraft:oxidized_copper_trapdoor":2,"minecraft:string":6,"minecraft:barrier":57,"minecraft:lapis_ore":4,"minecraft:spore_blossom":9,"minecraft:cracked_nether_bricks":2,"minecraft:stone_slab":52,"minecraft:red_terracotta":6,"minecraft:spruce_trapdoor":32,"minecraft:diamond_ore":4,"minecraft:spruce_sapling":1,"minecraft:gravel":13,"minecraft:yellow_wool":75,"minecraft:blackstone_slab":239,"minecraft:chiseled_stone_bricks":4,"minecraft:smooth_red_sandstone_slab":24,"minecraft:coal_block":792,"minecraft:light_blue_concrete_powder":24,"minecraft:stripped_oak_wood":845,"minecraft:andesite":28,"minecraft:andesite_stairs":24,"minecraft:white_stained_glass":40,"minecraft:deepslate_coal_ore":1,"minecraft:chain":5,"minecraft:polished_blackstone_button":35,"minecraft:waxed_oxidized_copper_bulb":3,"minecraft:stripped_oak_log":43,"minecraft:white_concrete":589,"minecraft:coarse_dirt":7,"minecraft:warped_button":7,"minecraft:oak_hanging_sign":5,"minecraft:diorite_slab":65,"minecraft:bone_meal":3,"minecraft:cobweb":62,"minecraft:green_stained_glass":29},"minecraft:dropped":{"minecraft:barrier":1,"minecraft:apple":3,"minecraft:polished_blackstone_button":1,"minecraft:iron_trapdoor":1,"minecraft:mojang_banner_pattern":1,"minecraft:smooth_quartz_slab":1,"minecraft:wooden_sword":1,"minecraft:gravel":64,"minecraft:red_concrete":5,"minecraft:anvil":64,"minecraft:zombie_spawn_egg":64,"minecraft:netherite_sword":6,"minecraft:ender_dragon_spawn_egg":2468,"minecraft:pointed_dripstone":1,"minecraft:green_concrete":3,"minecraft:light_gray_concrete":1,"minecraft:shears":1,"minecraft:diamond_sword":3,"minecraft:sea_lantern":2,"minecraft:stone":65,"minecraft:shield":1,"minecraft:piglin_banner_pattern":1,"minecraft:andesite":1,"minecraft:bow":1},"minecraft:picked_up":{"minecraft:wooden_axe":2,"minecraft:iron_trapdoor":2,"minecraft:chain":64,"minecraft:shield":3,"minecraft:snow":1,"minecraft:armor_stand":16,"minecraft:white_carpet":1,"minecraft:blackstone":1,"minecraft:netherite_sword":7,"minecraft:comparator":2,"minecraft:spruce_planks":64,"minecraft:written_book":16,"minecraft:cherry_button":1,"minecraft:smooth_quartz_stairs":64,"minecraft:piston":192,"minecraft:dark_oak_door":64,"minecraft:mojang_banner_pattern":1,"minecraft:stone":128,"minecraft:spruce_stairs":64,"minecraft:stone_button":64,"minecraft:pointed_dripstone":2,"minecraft:zombie_spawn_egg":256,"minecraft:repeating_command_block":2,"minecraft:command_block":388,"minecraft:waxed_exposed_copper_trapdoor":1,"minecraft:hay_block":2,"minecraft:shears":2,"minecraft:bone_block":1,"minecraft:cobblestone":4,"minecraft:stripped_oak_log":1,"minecraft:barrier":1,"minecraft:iron_door":1,"minecraft:andesite":2,"minecraft:ice":1,"minecraft:lantern":64,"minecraft:apple":3,"minecraft:bow":1,"minecraft:deepslate_brick_slab":1,"minecraft:cobweb":1,"minecraft:debug_stick":1,"minecraft:oak_slab":64,"minecraft:chain_command_block":2,"minecraft:diorite_wall":2,"minecraft:waxed_oxidized_copper_bulb":1,"minecraft:ender_dragon_spawn_egg":100,"minecraft:sea_lantern":58,"minecraft:light_gray_concrete":5,"minecraft:sugar":1,"minecraft:green_concrete":110,"minecraft:diamond":1,"minecraft:black_concrete":1,"minecraft:lever":2,"minecraft:polished_blackstone_button":69,"minecraft:painting":2,"minecraft:piglin_banner_pattern":1,"minecraft:black_wool":1,"minecraft:red_concrete":14,"minecraft:smooth_quartz_slab":1},"minecraft:custom":{"minecraft:inspect_dropper":1,"minecraft:interact_with_anvil":4,"minecraft:inspect_hopper":9,"minecraft:leave_game":47,"minecraft:time_since_death":66102,"minecraft:climb_one_cm":33886,"minecraft:sprint_one_cm":802073,"minecraft:walk_one_cm":685591,"minecraft:drop":74,"minecraft:play_time":1148224,"minecraft:deaths":13,"minecraft:sneak_time":79097,"minecraft:jump":3213,"minecraft:total_world_time":1148224,"minecraft:interact_with_loom":21,"minecraft:time_since_rest":66562,"minecraft:damage_taken":5022,"minecraft:damage_dealt":408,"minecraft:fly_one_cm":8564171,"minecraft:player_kills":2,"minecraft:open_chest":5,"minecraft:crouch_one_cm":56536,"minecraft:fall_one_cm":354840,"minecraft:inspect_dispenser":6}},"DataVersion":3955}