{"stats":{"minecraft:used":{"minecraft:oak_log":16,"minecraft:glass":16,"minecraft:black_concrete":81,"minecraft:iron_bars":42,"minecraft:light_gray_concrete":141,"minecraft:iron_block":119,"minecraft:birch_leaves":7,"minecraft:barrier":25,"minecraft:oak_sign":11,"minecraft:light_blue_terracotta":544,"minecraft:stone_slab":5,"minecraft:white_terracotta":40,"minecraft:stone":5,"minecraft:spruce_trapdoor":1,"minecraft:oak_slab":398,"minecraft:stripped_oak_wood":290,"minecraft:yellow_concrete":2,"minecraft:stripped_oak_log":44,"minecraft:chain_command_block":14,"minecraft:repeating_command_block":5,"minecraft:gray_concrete":3,"minecraft:white_concrete":187,"minecraft:stripped_spruce_log":694,"minecraft:diorite_slab":7,"minecraft:stripped_spruce_wood":8},"minecraft:dropped":{"minecraft:stripped_spruce_log":3,"minecraft:repeating_command_block":1,"minecraft:stone":3,"minecraft:iron_trapdoor":64,"minecraft:spruce_trapdoor":193,"minecraft:wooden_axe":2,"minecraft:white_concrete":6,"minecraft:diorite_stairs":2,"minecraft:barrier":1,"minecraft:stripped_oak_log":6,"minecraft:iron_bars":1,"minecraft:stone_slab":1,"minecraft:glass":2,"minecraft:chain_command_block":9,"minecraft:stripped_oak_wood":5,"minecraft:black_concrete":2,"minecraft:light_gray_concrete":6,"minecraft:light_blue_terracotta":8,"minecraft:stripped_spruce_wood":4,"minecraft:oak_sign":1,"minecraft:polished_blackstone_button":4,"minecraft:diorite_slab":3},"minecraft:picked_up":{"minecraft:stripped_oak_log":3,"minecraft:chain_command_block":2,"minecraft:iron_trapdoor":64,"minecraft:stripped_spruce_wood":2,"minecraft:stripped_spruce_log":1,"minecraft:diorite_stairs":1,"minecraft:light_gray_concrete":1,"minecraft:glass":1,"minecraft:green_concrete":3,"minecraft:light_blue_terracotta":2,"minecraft:black_concrete":1,"minecraft:polished_blackstone_button":4,"minecraft:white_concrete":1,"minecraft:stripped_oak_wood":1,"minecraft:red_concrete":2,"minecraft:spruce_trapdoor":192},"minecraft:custom":{"minecraft:time_since_rest":334582,"minecraft:sprint_one_cm":321513,"minecraft:damage_taken":280,"minecraft:walk_one_cm":416923,"minecraft:drop":76,"minecraft:fly_one_cm":4992707,"minecraft:crouch_one_cm":25082,"minecraft:play_time":1034421,"minecraft:deaths":1,"minecraft:sneak_time":14179,"minecraft:jump":1659,"minecraft:leave_game":10,"minecraft:time_since_death":334534,"minecraft:climb_one_cm":2536,"minecraft:total_world_time":1034421}},"DataVersion":3955}