{"stats":{"minecraft:used":{"minecraft:villager_spawn_egg":28,"minecraft:black_stained_glass":1,"minecraft:mace":7,"minecraft:ominous_bottle":1},"minecraft:mined":{"minecraft:black_stained_glass":1},"minecraft:killed":{"minecraft:villager":7},"minecraft:custom":{"minecraft:jump":79,"minecraft:time_since_rest":18958,"minecraft:damage_dealt":1400,"minecraft:leave_game":2,"minecraft:play_time":18958,"minecraft:sprint_one_cm":2618,"minecraft:walk_one_cm":5719,"minecraft:time_since_death":18958,"minecraft:total_world_time":18958,"minecraft:mob_kills":7,"minecraft:fly_one_cm":302418}},"DataVersion":3955}