{"stats":{"minecraft:used":{"minecraft:diorite_stairs":12,"minecraft:glass":326,"minecraft:green_concrete":24,"minecraft:diorite":12,"minecraft:sea_lantern":2,"minecraft:black_concrete":456,"minecraft:iron_bars":10,"minecraft:light_gray_concrete":2821,"minecraft:quartz_slab":3,"minecraft:iron_block":10,"minecraft:red_concrete":4,"minecraft:oak_stairs":121,"minecraft:spruce_slab":4,"minecraft:red_nether_bricks":1,"minecraft:quartz_block":711,"minecraft:oak_sign":2,"minecraft:light_blue_terracotta":135,"minecraft:tinted_glass":4,"minecraft:stone":25,"minecraft:brown_concrete":166,"minecraft:diorite_wall":6,"minecraft:quartz_stairs":50,"minecraft:smooth_quartz_stairs":49,"minecraft:dirt":32,"minecraft:black_stained_glass":199,"minecraft:iron_trapdoor":59,"minecraft:spruce_stairs":118,"minecraft:polished_diorite_stairs":1,"minecraft:smooth_stone_slab":4,"minecraft:gray_concrete":20,"minecraft:stripped_oak_log":407,"minecraft:white_concrete":1786,"minecraft:warped_button":2,"minecraft:blue_concrete":2,"minecraft:spruce_log":308,"minecraft:stripped_spruce_log":320},"minecraft:custom":{"minecraft:time_since_rest":435665,"minecraft:sprint_one_cm":40715,"minecraft:walk_one_cm":194538,"minecraft:drop":18,"minecraft:damage_dealt":38,"minecraft:fly_one_cm":2833282,"minecraft:crouch_one_cm":36296,"minecraft:play_time":435665,"minecraft:sneak_time":22895,"minecraft:jump":420,"minecraft:leave_game":9,"minecraft:time_since_death":435665,"minecraft:total_world_time":435955},"minecraft:dropped":{"minecraft:stripped_spruce_log":1,"minecraft:stone":2,"minecraft:smooth_quartz_stairs":1,"minecraft:wooden_axe":1,"minecraft:quartz_block":1,"minecraft:white_concrete":1,"minecraft:diorite_stairs":1,"minecraft:red_nether_bricks":1,"minecraft:stripped_oak_log":3,"minecraft:green_concrete":1,"minecraft:black_concrete":2,"minecraft:light_blue_terracotta":1,"minecraft:quartz_slab":1,"minecraft:brown_concrete":1},"minecraft:picked_up":{"minecraft:stone":1}},"DataVersion":3955}